{"dopamine": 0.5087671318007351, "serotonin": 0.28178902236257497, "cortisol": 0.492809228584804, "oxytocin": 0.4, "confidence": 0.6196201388894637}